{
  "host_experience_days": 2783.266666666667,
  "num_listings": 29.718373071528752,
  "review_scores_rating": 4.7627651515151515,
  "review_scores_accuracy": 4.8017543290043285,
  "review_scores_cleanliness": 4.733260822510823,
  "review_scores_checkin": 4.83897619047619,
  "review_scores_communication": 4.828863636363636,
  "review_scores_location": 4.774316017316017,
  "review_scores_value": 4.638824675324676,
  "number_of_reviews": 60.18041125541126,
  "bedrooms": 1.327056277056277,
  "beds": 2.0267316017316017,
  "bathrooms": 1.1517857142857142
}