{
  "host_experience_days": 2779.8806131260794,
  "num_listings": 29.718373071528752,
  "review_scores_rating": 4.762424438687392,
  "review_scores_accuracy": 4.800245034542313,
  "review_scores_cleanliness": 4.733119602763385,
  "review_scores_checkin": 4.838374352331606,
  "review_scores_communication": 4.828472582037997,
  "review_scores_location": 4.774265975820381,
  "review_scores_value": 4.6386226252158895,
  "number_of_reviews": 60.02990069084629,
  "bedrooms": 1.3281519861830742,
  "beds": 2.027094127806563,
  "bathrooms": 1.1515544041450778
}