{
  "host_experience_days": 2782.7346274807505,
  "num_listings": 29.718373071528752,
  "review_scores_rating": 4.7626255286845245,
  "review_scores_accuracy": 4.799451252575643,
  "review_scores_cleanliness": 4.733112460687561,
  "review_scores_checkin": 4.8388341828435095,
  "review_scores_communication": 4.828776705346492,
  "review_scores_location": 4.774206702093048,
  "review_scores_value": 4.638750677800672,
  "number_of_reviews": 60.286086107797416,
  "bedrooms": 1.3236091530202798,
  "beds": 2.023424791237393,
  "bathrooms": 1.1499295087300727
}